{"_timestamp":1.742224933411036e+09,"_runtime":32.806720292,"_step":50,"test_accuracy":100,"_wandb":{"runtime":34},"epoch":50,"loss":0.24471456045284867}