{"embedding_grad_norm": 0.0034018890000879765, "_timestamp": 1743397911.586914, "_runtime": 29.460214138031006, "_step": 8926, "embedding_weights_step": {"_type": "histogram", "values": [1, 1, 0, 3, 3, 2, 4, 13, 17, 9, 13, 13, 23, 40, 33, 25, 40, 60, 61, 92, 94, 118, 109, 124, 117, 124, 118, 125, 142, 149, 161, 143, 129, 129, 126, 99, 111, 91, 99, 59, 70, 60, 55, 38, 39, 18, 27, 14, 13, 21, 5, 4, 5, 5, 2, 1, 0, 2, 0, 0, 0, 0, 0, 1], "bins": [-3.330714225769043, -3.2177462577819824, -3.104778528213501, -2.9918105602264404, -2.878842830657959, -2.7658748626708984, -2.652907133102417, -2.5399391651153564, -2.426971435546875, -2.3140034675598145, -2.201035737991333, -2.0880677700042725, -1.975100040435791, -1.86213219165802, -1.749164342880249, -1.636196494102478, -1.523228645324707, -1.4102606773376465, -1.2972928285598755, -1.1843249797821045, -1.0713571310043335, -0.9583893418312073, -0.8454214930534363, -0.7324536442756653, -0.6194857358932495, -0.5065178871154785, -0.3935500681400299, -0.2805822193622589, -0.16761435568332672, -0.05464650318026543, 0.05832134932279587, 0.17128920555114746, 0.28425705432891846, 0.39722490310668945, 0.5101927518844604, 0.6231606006622314, 0.7361284494400024, 0.8490962982177734, 0.9620641469955444, 1.0750319957733154, 1.1879998445510864, 1.3009676933288574, 1.4139355421066284, 1.5269033908843994, 1.6398712396621704, 1.7528390884399414, 1.8658069372177124, 1.9787747859954834, 2.091742753982544, 2.2047104835510254, 2.317678451538086, 2.4306461811065674, 2.543614149093628, 2.6565818786621094, 2.76954984664917, 2.8825175762176514, 2.995485544204712, 3.1084532737731934, 3.221421241760254, 3.3343889713287354, 3.447356939315796, 3.5603246688842773, 3.673292636871338, 3.7862603664398193, 3.89922833442688]}, "parameters/embedding.weight": {"_type": "histogram", "values": [1.0, 1.0, 0.0, 3.0, 3.0, 2.0, 4.0, 13.0, 17.0, 9.0, 13.0, 13.0, 23.0, 40.0, 33.0, 25.0, 40.0, 60.0, 61.0, 92.0, 94.0, 118.0, 109.0, 125.0, 117.0, 123.0, 118.0, 125.0, 143.0, 148.0, 162.0, 142.0, 129.0, 130.0, 125.0, 100.0, 110.0, 91.0, 99.0, 59.0, 70.0, 60.0, 55.0, 38.0, 39.0, 18.0, 27.0, 14.0, 13.0, 21.0, 5.0, 4.0, 5.0, 5.0, 2.0, 1.0, 0.0, 2.0, 0.0, 0.0, 0.0, 0.0, 0.0, 1.0], "bins": [-3.330595016479492, -3.21762752532959, -3.1046602725982666, -2.9916927814483643, -2.878725528717041, -2.7657580375671387, -2.6527907848358154, -2.539823293685913, -2.42685604095459, -2.3138885498046875, -2.200921058654785, -2.087953805923462, -1.9749863147735596, -1.8620189428329468, -1.749051570892334, -1.6360841989517212, -1.5231168270111084, -1.4101494550704956, -1.2971820831298828, -1.18421471118927, -1.0712473392486572, -0.9582799077033997, -0.8453124761581421, -0.7323451042175293, -0.6193777322769165, -0.5064103603363037, -0.39344295859336853, -0.28047555685043335, -0.16750818490982056, -0.05454079806804657, 0.05842658877372742, 0.1713939756155014, 0.2843611240386963, 0.3973284959793091, 0.5102958679199219, 0.6232632994651794, 0.7362306714057922, 0.849198043346405, 0.9621654748916626, 1.0751328468322754, 1.1881002187728882, 1.301067590713501, 1.4140349626541138, 1.5270023345947266, 1.639969825744629, 1.7529371976852417, 1.8659045696258545, 1.9788719415664673, 2.09183931350708, 2.2048068046569824, 2.3177740573883057, 2.430741548538208, 2.5437088012695312, 2.6566762924194336, 2.769643545150757, 2.882611036300659, 2.9955782890319824, 3.1085457801818848, 3.221513271331787, 3.3344805240631104, 3.4474480152130127, 3.560415267944336, 3.6733827590942383, 3.7863500118255615, 3.899317502975464]}, "gradients/embedding.weight": {"_type": "histogram", "values": [1.0, 0.0, 0.0, 0.0, 0.0, 0.0, 0.0, 1.0, 0.0, 0.0, 0.0, 1.0, 0.0, 1.0, 0.0, 1.0, 2.0, 0.0, 0.0, 1.0, 0.0, 4.0, 2.0, 1.0, 1.0, 4.0, 4.0, 1.0, 2.0, 1.0, 5.0, 8.0, 26.0, 60.0, 217.0, 2657.0, 115.0, 34.0, 13.0, 10.0, 2.0, 6.0, 0.0, 3.0, 4.0, 0.0, 1.0, 1.0, 2.0, 2.0, 0.0, 1.0, 0.0, 0.0, 0.0, 0.0, 1.0, 1.0, 1.0, 0.0, 0.0, 0.0, 0.0, 2.0], "bins": [-0.0018053797539323568, -0.001754158060066402, -0.0017029362497851253, -0.0016517145559191704, -0.0016004927456378937, -0.0015492710517719388, -0.001498049357905984, -0.0014468275476247072, -0.0013956058537587523, -0.0013443841598927975, -0.0012931623496115208, -0.0012419406557455659, -0.001190718961879611, -0.0011394971515983343, -0.0010882754577323794, -0.0010370536474511027, -0.0009858319535851479, -0.0009346102015115321, -0.0008833884494379163, -0.0008321667555719614, -0.0007809450034983456, -0.0007297232514247298, -0.000678501557558775, -0.0006272798054851592, -0.0005760580534115434, -0.0005248363013379276, -0.00047361457836814225, -0.0004223928553983569, -0.0003711711033247411, -0.00031994935125112534, -0.00026872762828134, -0.00021750589075963944, -0.0001662842696532607, -0.00011506253213156015, -6.384079460985959e-05, -1.2619057088159025e-05, 3.8602680433541536e-05, 8.98244179552421e-05, 0.00014104615547694266, 0.00019226789299864322, 0.00024348963052034378, 0.00029471138259395957, 0.0003459331055637449, 0.00039715482853353024, 0.000448376580607146, 0.0004995983326807618, 0.0005508200265467167, 0.0006020417786203325, 0.0006532635306939483, 0.0007044852827675641, 0.0007557070348411798, 0.0008069287287071347, 0.0008581504807807505, 0.0009093722328543663, 0.0009605939267203212, 0.0010118157370015979, 0.0010630374308675528, 0.0011142591247335076, 0.0011654809350147843, 0.0012167026288807392, 0.001267924439162016, 0.0013191461330279708, 0.0013703678268939257, 0.0014215896371752024, 0.0014728113310411572]}, "loss": 1.4577282313947324, "epoch": 81}